<application>
  <component name="CodeFoldingSettings">
    <option name="COLLAPSE_DOC_COMMENTS" value="true" />
  </component>
  <component name="CodeInsightSettings">
    <option name="AUTO_POPUP_JAVADOC_INFO" value="true" />
    <EXCLUDED_PACKAGE NAME="com.google.api.gax.paging.Page" />
    <EXCLUDED_PACKAGE NAME="com.google.api.gax.paging.Page" />
    <EXCLUDED_PACKAGE NAME="com.google.firebase.database.annotations.NotNull" />
    <EXCLUDED_PACKAGE NAME="com.mongodb.assertions.Assertions" />
    <EXCLUDED_PACKAGE NAME="com.mongodb.assertions.Assertions" />
    <EXCLUDED_PACKAGE NAME="com.mongodb.client.model.Aggregates.project" />
    <EXCLUDED_PACKAGE NAME="io.smallrye.common.constraint.Assert" />
    <EXCLUDED_PACKAGE NAME="jakarta.persistence.Cacheable" />
    <EXCLUDED_PACKAGE NAME="java.awt.print.Pageable" />
    <EXCLUDED_PACKAGE NAME="junit.framework" />
    <EXCLUDED_PACKAGE NAME="net.minidev.json.annotate.JsonIgnore" />
    <EXCLUDED_PACKAGE NAME="org.antlr.v4.runtime.misc.NotNull" />
    <EXCLUDED_PACKAGE NAME="org.bson.assertions" />
    <EXCLUDED_PACKAGE NAME="org.hibernate" />
    <EXCLUDED_PACKAGE NAME="org.junit.Assert" />
    <EXCLUDED_PACKAGE NAME="org.junit.Test" />
    <EXCLUDED_PACKAGE NAME="org.skyscreamer.jsonassert.JSONAssert.assertEquals" />
    <EXCLUDED_PACKAGE NAME="org.springframework.test.util.AssertionErrors" />
    <EXCLUDED_PACKAGE NAME="org.testcontainers.shaded.com.fasterxml.jackson.databind.ObjectMapper" />
  </component>
  <component name="CodeVisionSettings">
    <option name="defaultPosition" value="Right" />
  </component>
  <component name="DaemonCodeAnalyzerSettings">
    <option name="AUTOREPARSE_DELAY" value="0" />
  </component>
  <component name="EditorSettings">
    <option name="USE_SOFT_WRAPS" value="CONSOLE:PREVIEW" />
    <option name="ENABLE_RENDERED_DOC" value="true" />
    <option name="SHOW_INTENTION_PREVIEW" value="false" />
  </component>
  <component name="TodoConfiguration">
    <pattern pattern="\btodo\b.*" />
    <pattern pattern="\bfixme\b.*" />
    <pattern icon="important" useCustomColors="true" pattern="NOTE">
      <option name="FOREGROUND" value="c014" />
      <option name="FONT_TYPE" value="3" />
      <option name="ERROR_STRIPE_COLOR" value="977ab" />
    </pattern>
  </component>
</application>