<application>
  <component name="FindSettings">
    <option name="customScope" value="All Places" />
    <option name="defaultScopeName" value="All Places" />
    <option name="SEARCH_SCOPE" value="All Places" />
    <option name="FILE_MASK" value="!*map,!*.csv,!*collection.json" />
    <mask>*.css</mask>
    <mask>*.html</mask>
    <mask>*.xml</mask>
    <mask>*.jsp</mask>
    <mask>*.properties</mask>
    <mask>*.java</mask>
    <mask>!*Test.java</mask>
    <mask>!*Impl.java,!*Test.java</mask>
    <mask>!*Impl.java,!*Test.java,!*.js,!*map,!*.csv</mask>
    <mask>!*Impl.java,!*Test.java,!*.js,!*map,!*.csv,!*collection.json,</mask>
    <mask>!*Impl.java,!*Test.java,!*.js,!*map,!*.csv,!*collection.json,*.java</mask>
    <mask>!*Impl.java,!*Test.java,!*map,!*collection.json</mask>
    <mask>!*Impl.java,!*Test.java,!*.js,!*map,!*.csv,!*collection.json</mask>
    <mask>!*Impl.java,!*Test.java,!*.js,!*map,!*.csv,!*collection.json,!*.yaml</mask>
    <mask>!*Impl.java,!*Test.java,!*map,!*.csv,!*collection.json,!*.yaml</mask>
    <mask>!*map,!*.csv,!*collection.json,!*.yaml</mask>
    <mask>!*map,!*.csv,!*collection.json</mask>
  </component>
</application>