<application>
  <component name="RainbowSettings">
    <option name="enableRainbowVariables" value="true" />
    <option name="indentGuidesOptions" value="Only selected indent guide" />
    <option name="rainbowVariablesOptionShowed" value="true" />
    <option name="rainbowifyTagNameInXML" value="true" />
    <option name="suppressAdvancedIndentGuidesBanner" value="true" />
    <option name="suppressBigFileCheck" value="true" />
    <option name="suppressYAMLCheck" value="true" />
    <option name="version" value="2024.2.3-241" />
  </component>
</application>