<application>
  <component name="SettingsSyncSettings">
    <option name="disabledSubcategories">
      <map>
        <entry key="PLUGINS">
          <value>
            <list>
              <option value="Dart" />
              <option value="IdeaVIM" />
              <option value="Pythonid" />
              <option value="com.intellij.guice" />
              <option value="com.intellij.ideolog" />
              <option value="com.jetbrains.darkPurpleTheme" />
              <option value="com.markskelton.one-dark-theme" />
              <option value="com.redhat.devtools.intellij.telemetry" />
              <option value="dev.meanmail.plugin.nginx-intellij-plugin" />
              <option value="mobi.hsz.idea.gitignore" />
              <option value="monokai-pro" />
              <option value="net.antelle.intellij-xcode-dark-theme" />
              <option value="org.jetbrains.plugins.go-template" />
            </list>
          </value>
        </entry>
      </map>
    </option>
    <option name="migrationFromOldStorageChecked" value="true" />
    <option name="syncEnabled" value="true" />
  </component>
</application>