<application>
  <component name="CachedDictionaryState">
    <words>
      <w>aaid</w>
      <w>ahlan</w>
      <w>authz</w>
      <w>autoscaler</w>
      <w>buildpacks</w>
      <w>cjob</w>
      <w>costa</w>
      <w>cust</w>
      <w>daas</w>
      <w>digi</w>
      <w>digibank</w>
      <w>digiguard</w>
      <w>dockerconfigjson</w>
      <w>dtos</w>
      <w>ekid</w>
      <w>ektar</w>
      <w>emailid</w>
      <w>emiarates</w>
      <w>ghcr</w>
      <w>gokul</w>
      <w>highrisk</w>
      <w>hvid</w>
      <w>ibanking</w>
      <w>incorp</w>
      <w>integeration</w>
      <w>intrabank</w>
      <w>keyset</w>
      <w>keyvault</w>
      <w>licensekey</w>
      <w>lowrisk</w>
      <w>mashreq</w>
      <w>mediumrisk</w>
      <w>memberid</w>
      <w>microsite</w>
      <w>mobileno</w>
      <w>mram</w>
      <w>mullainathan</w>
      <w>myahlan</w>
      <w>mytruststore</w>
      <w>nonprod</w>
      <w>nstl</w>
      <w>paketo</w>
      <w>ramanathan</w>
      <w>sandeep</w>
      <w>sethu</w>
      <w>softtoken</w>
      <w>sotp</w>
      <w>spel</w>
      <w>stotp</w>
      <w>swft</w>
      <w>talabat</w>
      <w>testcontainer</w>
      <w>timedout</w>
      <w>vmms</w>
      <w>webapprouting</w>
      <w>ygag</w>
    </words>
  </component>
</application>