<application>
  <component name="UISettings">
    <option name="DISABLE_MNEMONICS" value="false" />
    <option name="MAX_LOOKUP_LIST_HEIGHT" value="23" />
    <option name="MAX_LOOKUP_WIDTH2" value="809" />
    <option name="OPEN_IN_PREVIEW_TAB_IF_POSSIBLE" value="true" />
    <option name="SHOW_TOOL_WINDOW_NUMBERS" value="true" />
    <option name="showTreeIndentGuides" value="true" />
    <option name="UI_DENSITY" value="COMPACT" />
    <option name="WIDESCREEN_SUPPORT" value="true" />
  </component>
</application>